,RMSE,MAE,R2
train,0.5891678581828255,0.4700195789337158,0.458601713180542
val,0.6431212057922961,0.5111356973648071,0.39169543981552124
test,0.6331552589769865,0.5077213048934937,0.3970228433609009
