,RMSE,MAE,R2
train,0.575382273523409,0.446662962436676,0.4836410880088806
val,0.6457240078797912,0.5044389963150024,0.3867616653442383
test,0.6215251647875348,0.49449723958969116,0.4189709424972534
